,bytes_read,bytes_written
0,7497,12267
1,7519,9723
10,0,13
100,0,13
1000,1086,1403
1001,280315,277415
1002,534350,534578
1003,267117,267268
1004,67603,67731
1005,0,126
1006,0,557
1007,543,61
1008,0,605
1009,0,61
101,0,13
1010,5430,6471
1011,0,765
1012,0,61
1013,0,13
1014,0,13
1015,543,13
1016,0,62
1017,0,556
1018,543,61
1019,0,62
102,0,13
1020,543,556
1021,3258,3368
1022,2172,1845
1023,543,800
1024,0,110
1025,6487,8266
1026,0,374
1027,0,14
1028,0,13
1029,543,13
103,0,13
1030,0,605
1031,0,604
1032,0,61
1033,543,13
1034,0,62
1035,543,13
1036,0,605
1037,0,61
1038,0,13
1039,543,13
104,0,13
1040,0,62
1041,0,13
1042,543,13
1043,0,62
1044,543,556
1045,0,110
1046,0,14
1047,0,13
1048,0,13
1049,0,556
105,0,13
1050,0,61
1051,543,13
1052,0,605
1053,0,61
1054,0,556
1055,0,61
1056,6972,10914
1057,0,466
1058,0,14
1059,543,13
106,0,13
1060,543,62
1061,0,62
1062,0,13
1063,0,13
1064,543,13
1065,0,62
1066,543,13
1067,5973,7545
1068,0,370
1069,0,557
107,0,13
1070,0,61
1071,0,13
1072,543,556
1073,543,110
1074,0,63
1075,0,13
1076,0,13
1077,543,13
1078,6516,7002
1079,2618,4214
108,0,13
1080,0,206
1081,0,557
1082,0,604
1083,0,61
1084,0,13
1085,0,556
1086,0,61
1087,1086,1906
1088,543,162
1089,6516,6994
109,0,13
1090,1086,964
1091,1086,2330
1092,0,164
1093,1086,14
1094,0,110
1095,0,14
1096,0,13
1097,0,13
1098,543,13
1099,0,605
11,0,13
110,0,13
1100,0,604
1101,0,61
1102,1363,1437
1103,2546,687
1104,66,344
1105,66,342
1106,66,342
1107,66,342
1108,66,342
1109,66,342
111,0,13
1110,66,885
1111,66,932
1112,609,389
1113,66,390
1114,66,342
1115,609,342
1116,66,390
1117,66,1428
1118,13554,15410
1119,6039,8927
112,0,13
1120,7668,9930
1121,4895,5637
1122,19266,17363
1123,6379,7014
1124,1695,2074
1125,66,445
1126,66,342
1127,66,342
1128,66,885
1129,66,932
113,0,13
1130,609,932
1131,66,437
1132,66,342
1133,66,342
1134,609,342
1135,609,390
1136,609,390
1137,66,390
1138,66,342
1139,66,342
114,0,13
1140,66,342
1141,66,1428
1142,609,437
1143,66,390
1144,66,342
1145,66,342
1146,66,342
1147,609,1428
1148,66,440
1149,7639,9143
115,0,13
1150,66,749
1151,66,342
1152,4866,4143
1153,66,542
1154,66,342
1155,609,885
1156,66,437
1157,66,342
1158,66,342
1159,66,342
116,0,13
1160,66,885
1161,66,932
1162,609,389
1163,4381,4734
1164,1695,2173
1165,66,445
1166,66,342
1167,609,342
1168,66,933
1169,66,932
117,0,13
1170,66,389
1171,609,342
1172,66,390
1173,66,342
1174,5496,6800
1175,609,498
1176,66,390
1177,66,342
1178,66,342
1179,66,342
118,0,13
1180,7639,9683
1181,66,1294
1182,609,390
1183,1695,1476
1184,66,580
1185,5923,5772
1186,1695,2221
1187,66,988
1188,0,62
1189,0,13
119,0,13
1190,0,13
1191,543,13
1192,543,62
1193,0,605
1194,0,61
1195,0,556
1196,5430,6005
1197,0,714
1198,0,61
1199,0,13
12,0,13
120,0,13
1200,0,13
1201,0,13
1202,0,13
1203,0,556
1204,0,604
1205,543,604
1206,0,65
1207,5430,5443
1208,0,714
1209,0,61
121,0,13
1210,0,13
1211,10288,12069
1212,543,1021
1213,0,111
1214,1086,1100
1215,0,206
1216,0,14
1217,0,13
1218,4286,4900
1219,2172,2436
122,0,13
1220,66,539
1221,66,885
1222,66,389
1223,66,342
1224,609,342
1225,609,390
1226,66,390
1227,609,342
1228,66,390
1229,3324,3600
123,0,13
1230,2238,2715
1231,66,539
1232,66,342
1233,66,342
1234,1152,342
1235,66,438
1236,66,342
1237,66,342
1238,609,342
1239,66,390
124,0,13
1240,609,342
1241,609,390
1242,5467,7014
1243,13293,11480
1244,5865,6399
1245,1695,1533
1246,609,1032
1247,1152,438
1248,66,438
1249,66,342
125,0,13
1250,66,342
1251,66,342
1252,66,342
1253,66,1428
1254,66,980
1255,66,389
1256,66,342
1257,66,342
1258,66,885
1259,66,389
126,0,13
1260,1152,342
1261,66,438
1262,66,342
1263,66,342
1264,609,342
1265,66,390
1266,66,342
1267,609,1428
1268,66,485
1269,66,342
127,0,13
1270,66,885
1271,66,389
1272,66,342
1273,9152,13359
1274,609,801
1275,66,390
1276,609,885
1277,66,437
1278,609,885
1279,66,392
128,0,13
1280,66,885
1281,609,389
1282,66,390
1283,66,342
1284,6039,7816
1285,66,746
1286,609,885
1287,609,437
1288,66,933
1289,66,389
129,0,13
1290,66,342
1291,66,342
1292,66,342
1293,66,885
1294,609,932
1295,7668,9000
1296,66,1346
1297,66,390
1298,66,885
1299,609,932
13,0,13
130,0,13
1300,66,437
1301,66,342
1302,66,342
1303,66,342
1304,8667,12009
1305,6010,7904
1306,6582,8934
1307,6495,7362
1308,6039,6586
1309,609,1187
131,0,13
1310,66,438
1311,66,885
1312,609,389
1313,609,390
1314,66,390
1315,66,885
1316,609,389
1317,66,390
1318,66,342
1319,66,885
132,0,13
1320,66,932
1321,609,932
1322,66,392
1323,66,342
1324,66,342
1325,66,342
1326,609,342
1327,1152,390
1328,66,438
1329,609,342
133,0,13
1330,66,933
1331,66,389
1332,66,342
1333,66,342
1334,1152,342
1335,5467,7605
1336,66,1289
1337,66,390
1338,2752,3057
1339,609,1036
134,0,13
1340,609,438
1341,66,390
1342,66,342
1343,66,342
1344,66,885
1345,609,932
1346,66,392
1347,66,342
1348,755,343
1349,609,886
135,0,13
1350,66,980
1351,66,389
1352,66,342
1353,66,342
1354,66,885
1355,609,389
1356,66,390
1357,66,342
1358,66,342
1359,609,885
136,0,13
1360,66,437
1361,66,342
1362,66,342
1363,66,885
1364,12207,10086
1365,66,543
1366,5467,7512
1367,1695,2369
1368,66,445
1369,8037,7401
137,0,13
1370,1695,2222
1371,66,445
1372,66,885
1373,66,389
1374,66,342
1375,66,885
1376,66,389
1377,66,342
1378,609,342
1379,66,933
138,0,13
1380,3867,4190
1381,1695,2173
1382,66,445
1383,66,342
1384,66,342
1385,66,342
1386,66,1428
1387,609,437
1388,66,390
1389,66,342
139,0,13
1390,66,885
1391,3324,3647
1392,2238,2715
1393,66,539
1394,66,885
1395,66,389
1396,66,342
1397,6553,8595
1398,66,792
1399,609,885
14,4344,5313
140,0,13
1400,1152,1523
1401,66,487
1402,7552,7401
1403,609,546
1404,66,390
1405,66,342
1406,66,342
1407,66,885
1408,66,932
1409,609,389
141,0,13
1410,66,390
1411,66,342
1412,66,342
1413,5496,5772
1414,609,498
1415,66,390
1416,66,342
1417,66,342
1418,66,342
1419,66,342
142,0,13
1420,1152,342
1421,66,438
1422,66,342
1423,609,885
1424,5496,5822
1425,66,498
1426,66,342
1427,609,342
1428,8182,10271
1429,66,800
143,0,13
1430,66,885
1431,1152,2018
1432,66,535
1433,66,885
1434,66,932
1435,2238,2561
1436,3324,3797
1437,609,545
1438,66,390
1439,66,342
144,0,13
1440,66,342
1441,609,342
1442,66,390
1443,609,342
1444,609,390
1445,609,390
1446,66,390
1447,66,342
1448,609,885
1449,66,437
145,0,13
1450,66,885
1451,66,389
1452,66,342
1453,1666,3639
1454,66,443
1455,609,342
1456,66,390
1457,66,342
1458,66,342
1459,7096,9684
146,0,13
1460,1152,841
1461,66,438
1462,1152,1428
1463,3295,4825
1464,609,446
1465,66,390
1466,609,342
1467,66,933
1468,66,389
1469,66,885
147,0,13
1470,66,932
1471,66,389
1472,609,342
1473,609,390
1474,66,390
1475,66,342
1476,609,342
1477,66,933
1478,66,389
1479,66,342
148,0,13
1480,609,342
1481,66,933
1482,66,389
1483,66,342
1484,66,885
1485,13264,11686
1486,66,594
1487,66,342
1488,66,342
1489,609,885
149,0,13
1490,11295,14206
1491,4410,6810
1492,6792,8094
1493,7001,7384
1494,4344,5246
1495,0,218
1496,0,557
1497,0,61
1498,0,13
1499,0,13
15,0,322
150,0,13
1500,543,13
1501,543,62
1502,0,62
1503,5973,7496
1504,0,370
1505,543,14
1506,0,62
1507,0,13
1508,0,13
1509,543,556
151,0,13
1510,0,65
1511,0,556
1512,0,604
1513,0,61
1514,6516,6953
1515,0,370
1516,0,14
1517,543,1099
1518,0,158
1519,0,14
152,0,13
1520,0,13
1521,543,1363
1522,543,158
1523,543,606
1524,4315,3911
1525,7602,8774
1526,0,970
1527,0,61
1528,0,13
1529,0,13
153,0,13
1530,543,13
1531,0,605
1532,543,61
1533,0,62
1534,0,556
1535,0,604
1536,0,61
1537,0,13
1538,543,13
1539,0,62
154,0,13
1540,0,13
1541,0,13
1542,0,13
1543,543,13
1544,0,605
1545,543,61
1546,0,62
1547,0,13
1548,0,13
1549,0,556
155,0,13
1550,543,604
1551,543,110
1552,6487,8319
1553,0,323
1554,0,14
1555,6458,6529
1556,0,218
1557,543,14
1558,0,62
1559,0,13
156,0,13
1560,0,13
1561,543,13
1562,0,605
1563,543,61
1564,0,62
1565,0,13
1566,0,13
1567,0,556
1568,0,61
1569,543,13
157,0,13
1570,0,605
1571,0,61
1572,0,13
1573,0,13
1574,0,13
1575,0,556
1576,543,604
1577,0,110
1578,0,14
1579,0,13
158,0,13
1580,0,556
1581,543,604
1582,0,651
1583,5401,6687
1584,0,368
1585,0,14
1586,8456,8071
1587,0,312
1588,0,14
1589,0,13
159,0,13
1590,543,556
1591,0,110
1592,0,14
1593,543,13
1594,0,62
1595,0,13
1596,543,556
1597,3801,4425
1598,1629,1846
1599,0,118
16,0,14
160,0,13
1600,0,14
1601,543,13
1602,0,62
1603,0,556
1604,543,61
1605,0,62
1606,6342,4425
1607,8456,9227
1608,5430,5744
1609,543,222
161,0,13
1610,0,63
1611,0,13
1612,0,13
1613,0,13
1614,8116,9903
1615,0,569
1616,543,14
1617,1629,1691
1618,0,254
1619,6371,6414
162,0,13
1620,1057,1304
1621,0,160
1622,0,557
1623,0,61
1624,0,13
1625,0,556
1626,0,61
1627,0,13
1628,0,556
1629,0,61
163,0,13
1630,5973,5443
1631,0,218
1632,0,14
1633,0,13
1634,0,13
1635,0,13
1636,1086,556
1637,0,113
1638,543,557
1639,0,65
164,0,13
1640,0,13
1641,5430,5443
1642,0,171
1643,0,557
1644,543,61
1645,5401,7232
1646,0,417
1647,543,557
1648,1600,2282
1649,1629,1838
165,0,13
1650,0,118
1651,0,14
1652,0,13
1653,543,13
1654,0,62
1655,543,13
1656,0,605
1657,0,61
1658,0,556
1659,0,61
166,0,13
1660,0,13
1661,543,13
1662,543,62
1663,0,62
1664,0,13
1665,543,13
1666,0,62
1667,543,13
1668,0,62
1669,0,13
167,0,13
1670,0,556
1671,543,604
1672,0,110
1673,0,14
1674,0,13
1675,0,13
1676,9687,11658
1677,7059,8620
1678,5430,6391
1679,5915,6345
168,0,13
1680,3229,3573
1681,0,710
1682,0,61
1683,0,13
1684,0,13
1685,0,13
1686,0,556
1687,0,1147
1688,0,109
1689,543,14
169,0,13
1690,0,62
1691,543,13
1692,543,605
1693,0,110
1694,0,14
1695,0,556
1696,0,61
1697,0,556
1698,0,604
1699,543,61
17,0,13
170,0,13
1700,0,62
1701,0,13
1702,0,13
1703,0,556
1704,0,604
1705,0,61
1706,0,556
1707,8000,10935
1708,543,417
1709,0,63
171,0,13
1710,4315,4871
1711,543,809
1712,543,110
1713,543,63
1714,0,62
1715,543,13
1716,543,62
1717,543,62
1718,4344,5367
1719,0,325
172,0,13
1720,543,14
1721,0,62
1722,0,556
1723,0,604
1724,543,61
1725,0,62
1726,0,13
1727,14827,13424
1728,7942,8704
1729,7602,9317
173,0,13
1730,0,472
1731,543,14
1732,543,62
1733,0,62
1734,0,13
1735,0,13
1736,0,13
1737,0,556
1738,1086,2498
1739,0,752
174,0,13
1740,1086,2154
1741,7544,7780
1742,0,459
1743,0,14
1744,0,13
1745,0,13
1746,0,556
1747,1600,2815
1748,0,69
1749,0,1099
175,0,13
1750,0,109
1751,0,14
1752,0,13
1753,0,13
1754,0,556
1755,543,61
1756,0,605
1757,0,61
1758,0,556
1759,0,61
176,0,13
1760,0,13
1761,543,13
1762,0,62
1763,0,556
1764,0,61
1765,0,556
1766,0,61
1767,0,13
1768,1301,351
1769,1841,1743
177,0,13
1770,66,487
1771,66,342
1772,4895,5229
1773,1152,1630
1774,609,986
1775,66,437
1776,609,342
1777,66,390
1778,66,1428
1779,66,437
178,0,13
1780,609,342
1781,66,390
1782,609,342
1783,66,390
1784,66,885
1785,66,389
1786,66,342
1787,66,885
1788,66,389
1789,66,342
179,0,13
1790,1152,342
1791,66,438
1792,66,342
1793,66,342
1794,66,885
1795,66,932
1796,609,389
1797,66,390
1798,66,342
1799,66,342
18,0,13
180,0,13
1800,1152,2781
1801,609,1170
1802,66,438
1803,8522,7857
1804,66,592
1805,609,342
1806,66,390
1807,66,885
1808,66,389
1809,66,342
181,0,13
1810,66,885
1811,66,389
1812,66,885
1813,66,389
1814,3324,4114
1815,2238,2715
1816,66,539
1817,66,885
1818,66,389
1819,66,342
182,0,13
1820,609,342
1821,66,390
1822,66,342
1823,609,342
1824,609,390
1825,5496,6334
1826,66,549
1827,66,342
1828,66,342
1829,66,342
183,0,13
1830,66,342
1831,1695,1693
1832,66,580
1833,66,885
1834,3838,4190
1835,609,1130
1836,6524,6954
1837,66,549
1838,66,342
1839,609,342
184,0,13
1840,66,390
1841,609,885
1842,66,437
1843,66,342
1844,66,342
1845,609,342
1846,66,933
1847,3867,3647
1848,22777,20372
1849,6379,7002
185,0,13
1850,66,447
1851,66,342
1852,609,342
1853,66,390
1854,609,342
1855,66,390
1856,66,885
1857,66,389
1858,66,342
1859,609,342
186,0,13
1860,66,390
1861,66,342
1862,11382,14728
1863,4953,6821
1864,4410,6672
1865,6524,7165
1866,1695,2289
1867,1695,2074
1868,66,988
1869,66,389
187,0,13
1870,609,342
1871,66,390
1872,66,885
1873,66,389
1874,66,342
1875,609,885
1876,66,392
1877,1152,342
1878,66,438
1879,66,342
188,10715,14777
1880,66,342
1881,66,342
1882,66,885
1883,609,389
1884,66,390
1885,66,885
1886,66,389
1887,66,885
1888,66,389
1889,609,342
189,2715,4445
1890,66,933
1891,66,389
1892,66,342
1893,609,2779
1894,66,533
1895,66,885
1896,3838,4190
1897,66,541
1898,66,342
1899,66,885
19,0,13
190,4344,5745
1900,66,389
1901,609,342
1902,66,390
1903,66,342
1904,66,885
1905,609,389
1906,66,390
1907,66,342
1908,609,885
1909,11237,12151
191,0,274
1910,5496,5485
1911,4924,6010
1912,267212,267611
1913,267212,267601
1914,531158,527406
1915,63412,67429
1916,66,498
1917,66,342
1918,609,885
1919,66,437
192,0,14
1920,66,342
1921,66,885
1922,609,389
1923,66,390
1924,6524,10157
1925,6582,8230
1926,1152,2423
1927,533417,533899
1928,274437,275028
1929,267154,267574
193,0,13
1930,59213,59602
1931,66,994
1932,66,389
1933,66,885
1934,66,389
1935,66,342
1936,609,342
1937,66,933
1938,609,389
1939,1695,2019
194,0,13
1940,267183,267533
1941,267125,267543
1942,526387,526834
1943,67553,68485
1944,609,1041
1945,1152,2067
1946,526416,526840
1947,274980,275398
1948,267813,267546
1949,59727,60116
195,0,13
1950,66,451
1951,66,342
1952,609,885
1953,609,437
1954,66,390
1955,66,342
1956,1152,1428
1957,267697,269189
1958,273670,274211
1959,281691,282258
196,0,13
1960,311793,312211
1961,66,998
1962,66,389
1963,66,885
1964,609,389
1965,66,390
1966,609,342
1967,66,390
1968,66,342
1969,4779,2611
197,0,13
1970,609,939
1971,1152,2066
1972,286947,287885
1973,516136,516701
1974,267183,267545
1975,59213,59602
1976,66,994
1977,66,389
1978,66,885
1979,609,932
198,0,13
1980,269023,268949
1981,267689,267274
1982,267117,267835
1983,326293,326497
1984,0,128
1985,0,14
1986,543,556
1987,0,653
1988,543,61
1989,7001,6578
199,0,13
1990,1086,1403
1991,543,658
1992,543,653
1993,1629,1739
1994,267117,267298
1995,530093,530221
1996,271830,271989
1997,59176,59400
1998,0,124
1999,0,14
2,7059,8557
20,0,13
200,0,13
2000,0,13
2001,0,13
2002,543,556
2003,543,653
2004,268746,267256
2005,267117,268378
2006,267146,267216
2007,325207,325306
2008,1086,1214
2009,0,657
201,4858,6372
2010,0,61
2011,543,13
2012,543,62
2013,0,62
2014,0,13
2015,0,13
2016,1629,1642
2017,268232,267778
2018,527436,527716
2019,274943,275223
202,0,372
2020,70890,70622
2021,0,371
2022,0,14
2023,0,556
2024,0,61
2025,543,13
2026,0,62
2027,543,13
2028,0,62
2029,0,13
203,0,14
2030,0,556
2031,5430,6005
2032,0,222
2033,0,14
2034,0,13
2035,543,13
2036,543,605
2037,543,65
2038,1086,62
2039,0,110
204,0,13
2040,0,14
2041,0,13
2042,5430,5443
2043,543,171
2044,0,63
2045,0,13
2046,0,13
2047,543,556
2048,543,608
2049,0,653
205,0,13
2050,0,61
2051,5401,5443
2052,1086,903
2053,2715,3416
2054,1086,1301
2055,0,206
2056,543,14
2057,543,62
2058,0,62
2059,0,13
206,0,13
2060,0,556
2061,0,61
2062,543,13
2063,2172,2234
2064,1086,662
2065,0,158
2066,543,14
2067,0,62
2068,543,13
2069,0,605
207,0,13
2070,0,61
2071,0,13
2072,0,13
2073,0,556
2074,543,61
2075,543,62
2076,0,62
2077,0,13
2078,0,556
2079,543,604
208,0,13
2080,0,110
2081,0,14
2082,543,13
2083,0,62
2084,543,13
2085,1086,62
2086,0,110
2087,543,14
2088,0,62
2089,0,13
209,0,13
2090,13770,11882
2091,14313,14630
2092,543,275
2093,0,606
2094,0,61
2095,0,13
2096,0,13
2097,0,556
2098,0,604
2099,0,604
21,0,13
210,0,13
2100,0,61
2101,0,13
2102,0,13
2103,0,1099
2104,0,109
2105,0,14
2106,0,13
2107,543,556
2108,0,110
2109,543,14
211,0,13
2110,0,62
2111,0,13
2112,0,13
2113,9086,8672
2114,1086,1446
2115,4315,4430
2116,0,170
2117,0,14
2118,543,13
2119,543,62
212,5973,6953
2120,0,62
2121,0,13
2122,0,13
2123,543,13
2124,0,62
2125,0,13
2126,1629,1642
2127,1086,1295
2128,543,659
2129,543,110
213,0,374
2130,0,63
2131,0,13
2132,0,556
2133,0,61
2134,543,556
2135,0,653
2136,0,61
2137,0,13
2138,0,556
2139,0,61
214,0,14
2140,0,13
2141,543,13
2142,0,62
2143,543,13
2144,6458,6578
2145,0,270
2146,0,14
2147,0,1099
2148,0,109
2149,2510,5980
215,0,13
2150,0,69
2151,0,13
2152,543,13
2153,543,62
2154,0,62
2155,0,556
2156,0,61
2157,543,13
2158,0,62
2159,0,13
216,0,13
2160,0,13
2161,543,556
2162,0,110
2163,0,14
2164,0,556
2165,0,61
2166,0,13
2167,0,1099
2168,0,109
2169,0,14
217,0,13
2170,543,556
2171,0,110
2172,0,14
2173,543,13
2174,0,62
2175,6458,6529
2176,0,269
2177,0,14
2178,0,1099
2179,0,109
218,0,13
2180,0,14
2181,0,13
2182,0,1099
2183,0,109
2184,0,14
2185,0,13
2186,543,13
2187,543,605
2188,0,110
2189,0,14
219,543,1629
2190,0,13
2191,1086,1099
2192,0,161
2193,0,14
2194,0,13
2195,0,13
2196,543,13
2197,543,605
2198,0,110
2199,0,14
22,0,13
220,0,156
2200,543,13
2201,0,62
2202,0,13
2203,0,13
2204,0,1099
2205,0,109
2206,8630,8702
2207,0,864
2208,0,61
2209,0,13
221,0,14
2210,0,13
2211,5799,2825
2212,6885,7001
2213,543,214
2214,0,63
2215,0,556
2216,0,61
2217,543,13
2218,0,62
2219,0,556
222,0,13
2220,543,61
2221,0,62
2222,0,13
2223,543,13
2224,0,62
2225,1086,1099
2226,0,159
2227,0,14
2228,0,1099
2229,0,109
223,5401,6915
2230,0,14
2231,0,556
2232,0,604
2233,0,61
2234,0,13
2235,0,13
2236,0,13
2237,6943,5986
2238,1629,1988
2239,0,118
224,0,321
2240,0,14
2241,0,556
2242,543,61
2243,0,62
2244,0,556
2245,0,61
2246,543,13
2247,0,62
2248,2715,2185
2249,2143,2338
225,0,14
2250,1629,1839
2251,0,118
2252,0,557
2253,0,61
2254,0,13
2255,0,556
2256,543,61
2257,0,62
2258,543,13
2259,1086,1148
226,0,13
2260,3801,4430
2261,543,760
2262,0,110
2263,0,14
2264,0,13
2265,0,1099
2266,0,109
2267,0,557
2268,2686,3804
2269,0,213
227,0,13
2270,543,14
2271,0,605
2272,0,61
2273,543,13
2274,543,605
2275,0,110
2276,0,14
2277,0,13
2278,0,556
2279,1086,1147
228,0,13
2280,2172,1744
2281,0,165
2282,0,557
2283,0,61
2284,0,13
2285,0,13
2286,543,13
2287,0,62
2288,543,13
2289,0,62
229,0,13
2290,543,13
2291,0,62
2292,0,13
2293,543,556
2294,0,110
2295,0,14
2296,1086,13
2297,0,110
2298,0,14
2299,7486,7586
23,0,13
230,0,13
2300,1086,1355
2301,3772,3887
2302,543,712
2303,0,110
2304,543,14
2305,543,62
2306,0,62
2307,0,13
2308,543,13
2309,0,62
231,0,13
2310,0,13
2311,0,1099
2312,543,109
2313,0,63
2314,0,13
2315,0,13
2316,0,13
2317,0,13
2318,0,556
2319,543,61
232,0,13
2320,0,62
2321,0,556
2322,0,61
2323,0,13
2324,0,13
2325,543,13
2326,763,390
2327,66,343
2328,609,1971
2329,66,487
233,0,13
2330,7038,6858
2331,66,596
2332,6951,3697
2333,66,586
2334,66,342
2335,66,342
2336,609,342
2337,1152,390
2338,66,438
2339,609,342
234,7030,7873
2340,609,391
2341,2238,3077
2342,609,990
2343,609,438
2344,66,391
2345,609,343
2346,1367,730
2347,0,64
2348,0,556
2349,0,61
235,543,1168
2350,0,13
2351,543,556
2352,0,110
2353,0,14
2354,0,13
2355,0,556
2356,0,61
2357,543,556
2358,543,110
2359,2612,3315
236,543,720
2360,0,161
2361,7001,6530
2362,0,316
2363,0,557
2364,0,61
2365,0,13
2366,0,1099
2367,0,109
2368,0,14
2369,0,13
237,0,208
2370,0,556
2371,0,61
2372,543,13
2373,0,62
2374,0,556
2375,0,604
2376,543,61
2377,0,62
2378,0,13
2379,0,13
238,0,14
2380,543,556
2381,543,110
2382,0,63
2383,0,13
2384,543,13
2385,0,605
2386,543,61
2387,0,62
2388,0,556
2389,0,61
239,0,13
2390,0,13
2391,1086,1099
2392,7001,7220
2393,0,317
2394,0,14
2395,543,13
2396,543,62
2397,0,62
2398,0,13
2399,0,13
24,0,13
240,0,13
2400,0,13
2401,1086,13
2402,0,110
2403,543,14
2404,543,605
2405,0,110
2406,0,14
2407,0,13
2408,543,13
2409,0,1148
241,0,13
2410,0,109
2411,0,14
2412,0,13
2413,0,13
2414,0,13
2415,543,556
2416,0,653
2417,0,61
2418,0,556
2419,0,61
242,0,13
2420,543,556
2421,0,110
2422,0,14
2423,8058,8158
2424,2172,2489
2425,0,755
2426,0,61
2427,543,13
2428,0,62
2429,0,556
243,0,13
2430,0,61
2431,0,13
2432,0,556
2433,0,61
2434,0,556
2435,543,61
2436,0,62
2437,0,556
2438,0,604
2439,0,61
244,0,13
2440,0,13
2441,0,13
2442,0,556
2443,543,61
2444,543,62
2445,0,62
2446,0,13
2447,0,13
2448,0,13
2449,0,556
245,0,13
2450,543,604
2451,0,110
2452,0,14
2453,7428,5542
2454,21741,21501
2455,1629,1951
2456,0,661
2457,0,61
2458,0,13
2459,0,13
246,0,13
2460,0,13
2461,1086,556
2462,0,158
2463,0,14
2464,0,13
2465,5944,5986
2466,0,222
2467,0,14
2468,0,556
2469,0,61
247,0,13
2470,543,13
2471,0,62
2472,0,13
2473,0,1099
2474,0,109
2475,0,14
2476,2172,2185
2477,1086,662
2478,0,158
2479,0,557
248,0,13
2480,0,61
2481,0,13
2482,0,1099
2483,0,109
2484,543,14
2485,3171,2777
2486,3772,4000
2487,4858,4978
2488,1629,2439
2489,0,165
249,0,13
2490,0,14
2491,543,13
2492,0,62
2493,0,13
2494,0,556
2495,543,61
2496,0,62
2497,0,13
2498,1086,1099
2499,1629,2287
25,4887,5699
250,5886,9259
2500,0,708
2501,0,61
2502,0,13
2503,0,13
2504,543,556
2505,0,110
2506,0,14
2507,0,556
2508,0,61
2509,543,13
251,0,372
2510,0,605
2511,0,61
2512,0,13
2513,0,556
2514,0,1147
2515,0,109
2516,8058,8159
2517,0,314
2518,543,14
2519,543,62
252,0,14
2520,0,605
2521,0,61
2522,0,13
2523,0,13
2524,0,556
2525,543,61
2526,0,603
2527,543,61
2528,543,605
2529,0,110
253,0,13
2530,0,14
2531,0,13
2532,0,13
2533,0,13
2534,543,13
2535,1086,62
2536,0,110
2537,0,14
2538,0,13
2539,543,13
254,0,13
2540,0,605
2541,0,61
2542,0,13
2543,0,13
2544,543,13
2545,0,605
2546,0,61
2547,5343,5443
2548,1629,1894
2549,0,118
255,0,13
2550,0,14
2551,543,13
2552,1086,62
2553,0,110
2554,0,14
2555,0,13
2556,0,13
2557,0,556
2558,2172,2776
2559,543,709
256,0,13
2560,0,653
2561,0,61
2562,543,13
2563,0,62
2564,0,13
2565,0,556
2566,0,604
2567,543,61
2568,0,605
2569,0,61
257,0,13
2570,0,13
2571,0,13
2572,0,556
2573,543,61
2574,13169,11303
2575,13227,13498
2576,0,267
2577,0,14
2578,7001,6529
2579,0,271
258,0,13
2580,0,14
2581,0,13
2582,0,13
2583,0,556
2584,0,604
2585,0,61
2586,0,556
2587,0,61
2588,0,13
2589,0,556
259,0,13
2590,543,61
2591,0,62
2592,0,13
2593,543,13
2594,0,62
2595,0,556
2596,0,61
2597,0,13
2598,0,556
2599,0,604
26,543,1062
260,0,13
2600,0,61
2601,543,13
2602,543,62
2603,0,62
2604,0,13
2605,543,13
2606,0,605
2607,0,61
2608,543,13
2609,3801,3863
261,5973,6947
2610,1086,1440
2611,1629,1201
2612,543,706
2613,0,110
2614,543,14
2615,0,62
2616,764,895
2617,0,606
2618,0,61
2619,543,13
262,0,425
2620,0,62
2621,0,13
2622,0,13
2623,543,13
2624,0,62
2625,543,556
2626,0,65
2627,0,13
2628,543,13
2629,1086,62
263,0,14
2630,0,110
2631,543,14
2632,0,62
2633,0,13
2634,543,13
2635,0,62
2636,0,13
2637,543,13
2638,0,605
2639,0,61
264,0,13
2640,2172,1642
2641,543,799
2642,543,110
2643,0,63
2644,0,13
2645,0,13
2646,543,13
2647,543,62
2648,543,62
2649,0,62
265,0,13
2650,0,556
2651,0,61
2652,0,13
2653,1086,13
2654,0,110
2655,0,14
2656,543,13
2657,0,62
2658,0,556
2659,0,61
266,0,13
2660,0,556
2661,0,604
2662,0,61
2663,0,13
2664,0,13
2665,0,556
2666,0,61
2667,0,556
2668,543,61
2669,0,62
267,0,13
2670,0,556
2671,4771,3862
2672,1629,1907
2673,5401,6004
2674,2172,2390
2675,543,662
2676,543,110
2677,0,63
2678,0,13
2679,0,556
268,0,13
2680,0,61
2681,543,13
2682,0,62
2683,543,13
2684,754,391
2685,66,344
2686,66,343
2687,609,343
2688,609,391
2689,66,934
269,0,13
2690,66,390
2691,66,343
2692,66,343
2693,66,1429
2694,66,438
2695,5322,3128
2696,9123,8960
2697,66,595
2698,66,343
2699,66,343
27,543,717
270,0,13
2700,66,886
2701,609,390
2702,1695,2020
2703,66,582
2704,66,886
2705,66,390
2706,66,886
2707,66,390
2708,66,343
2709,66,343
271,0,13
2710,66,886
2711,66,390
2712,609,886
2713,609,936
2714,66,438
2715,66,343
2716,66,343
2717,66,343
2718,66,343
2719,66,1429
272,4344,5315
2720,66,981
2721,66,390
2722,66,343
2723,66,886
2724,609,388
2725,66,391
2726,66,343
2727,609,886
2728,66,981
2729,66,390
273,0,325
2730,66,343
2731,66,343
2732,66,343
2733,5380,5230
2734,66,590
2735,66,343
2736,543,558
2737,0,110
2738,0,14
2739,0,13
274,0,14
2740,0,13
2741,543,556
2742,543,110
2743,0,63
2744,0,556
2745,0,61
2746,0,13
2747,0,1099
2748,0,109
2749,543,14
275,0,13
2750,0,62
2751,0,13
2752,543,13
2753,0,62
2754,0,13
2755,1086,13
2756,543,110
2757,0,63
2758,0,13
2759,0,556
276,0,13
2760,0,61
2761,543,13
2762,543,62
2763,0,62
2764,8601,9215
2765,1086,1406
2766,1629,1744
2767,0,118
2768,609,342
2769,66,391
277,0,13
2770,609,343
2771,66,934
2772,66,390
2773,66,343
2774,66,343
2775,66,886
2776,609,390
2777,66,391
2778,66,886
2779,66,390
278,0,13
2780,66,343
2781,66,343
2782,66,886
2783,2570,6360
2784,609,398
2785,66,391
2786,609,343
2787,66,391
2788,66,343
2789,609,886
279,0,13
2790,66,438
2791,609,343
2792,66,391
2793,1666,3642
2794,609,397
2795,1152,1477
2796,2238,2163
2797,609,493
2798,66,391
2799,66,343
28,0,207
280,0,13
2800,66,343
2801,66,343
2802,66,886
2803,66,390
2804,66,1429
2805,66,438
2806,66,886
2807,66,390
2808,66,343
2809,609,886
281,0,13
2810,66,438
2811,609,343
2812,66,391
2813,66,343
2814,1152,343
2815,66,982
2816,13836,11175
2817,8580,9109
2818,66,499
2819,66,343
282,0,13
2820,66,886
2821,609,933
2822,66,981
2823,66,390
2824,609,343
2825,609,391
2826,609,1475
2827,66,1029
2828,609,391
2829,66,391
283,0,13
2830,609,343
2831,0,63
2832,0,13
2833,543,13
2834,543,62
2835,0,62
2836,0,13
2837,0,13
2838,543,13
2839,0,62
284,0,13
2840,0,556
2841,543,61
2842,0,62
2843,0,13
2844,0,13
2845,0,556
2846,0,1147
2847,0,110
2848,0,557
2849,0,61
285,0,13
2850,0,556
2851,0,61
2852,0,556
2853,0,1147
2854,0,109
2855,0,557
2856,0,61
2857,543,556
2858,0,110
2859,0,14
286,0,13
2860,0,13
2861,1086,13
2862,543,110
2863,752,935
2864,66,934
2865,66,390
2866,66,343
2867,609,343
2868,66,391
2869,66,343
287,0,13
2870,66,343
2871,609,343
2872,609,391
2873,66,391
2874,66,886
2875,66,390
2876,66,343
2877,66,886
2878,66,933
2879,609,390
288,0,13
2880,66,391
2881,66,343
2882,66,886
2883,66,390
2884,66,886
2885,1695,2562
2886,1152,1579
2887,609,986
2888,66,438
2889,66,343
289,0,13
2890,66,343
2891,609,1429
2892,66,486
2893,66,343
2894,66,1429
2895,66,438
2896,66,343
2897,66,343
2898,0,558
2899,0,61
29,9774,11814
290,0,13
2900,0,13
2901,0,556
2902,543,61
2903,0,62
2904,0,556
2905,0,61
2906,0,13
2907,0,13
2908,105415,105428
2909,779568,779182
291,0,13
2910,248613,249384
2911,0,175
2912,0,14
2913,0,13
2914,0,556
2915,0,61
2916,543,1099
2917,1600,2330
2918,543,706
2919,1086,653
292,0,13
2920,2715,2782
2921,612892,571125
2922,516563,558711
2923,543,130
2924,1086,606
2925,292738,292896
2926,801873,801972
2927,35387,35517
2928,0,667
2929,543,61
293,0,13
2930,66,390
2931,66,343
2932,0,558
2933,0,61
2934,543,13
2935,45211,23996
2936,782681,804111
2937,317447,314650
2938,13770,14638
2939,0,269
294,0,13
2940,543,14
2941,0,62
2942,2172,2185
2943,529811,482797
2944,599159,646411
2945,0,673
2946,0,61
2947,0,13
2948,0,556
2949,0,604
295,0,13
2950,543,61
2951,0,62
2952,0,13
2953,543,13
2954,543,605
2955,222109,222248
2956,792049,791721
2957,116325,117034
2958,1629,1757
2959,639396,639572
296,0,13
2960,490001,490160
2961,0,130
2962,0,1100
2963,543,652
2964,347354,347726
2965,781777,780053
2966,1695,4172
2967,66,447
2968,45820,46640
2969,786374,786807
297,0,13
2970,299175,300081
2971,66,505
2972,1695,1972
2973,559552,559389
2974,571382,571763
2975,66,1001
2976,66,391
2977,66,343
2978,66,343
2979,66,343
298,0,13
2980,609,343
2981,66,391
2982,66,343
2983,609,1429
2984,66,441
2985,66,343
2986,828,682
2987,0,16
2988,543,13
2989,543,62
299,0,13
2990,543,605
2991,0,110
2992,0,14
2993,0,556
2994,0,61
2995,543,13
2996,0,62
2997,543,13
2998,0,62
2999,0,556
3,8145,9788
30,19548,537417
300,0,13
3000,0,61
3001,0,556
3002,0,61
3003,0,556
3004,0,61
3005,543,13
3006,0,62
3007,0,13
3008,0,556
3009,0,61
301,0,13
3010,0,13
3011,0,1099
3012,0,109
3013,543,14
3014,0,62
3015,0,556
3016,0,61
3017,0,13
3018,543,13
3019,543,62
302,0,13
3020,0,62
3021,543,13
3022,543,62
3023,0,62
3024,0,13
3025,543,13
3026,0,62
3027,543,13
3028,0,62
3029,0,13
303,0,13
3030,543,13
3031,0,605
3032,0,61
3033,0,13
3034,0,13
3035,0,13
3036,0,556
3037,0,61
3038,543,13
3039,0,62
304,0,13
3040,0,13
3041,0,13
3042,0,13
3043,0,13
3044,543,13
3045,0,62
3046,0,13
3047,543,13
3048,0,62
3049,0,13
305,0,13
3050,0,13
3051,543,13
3052,0,62
3053,543,13
3054,0,62
3055,0,13
3056,0,13
3057,543,556
3058,5799,2895
3059,8514,8630
306,0,13
3060,0,171
3061,1629,2186
3062,543,165
3063,0,63
3064,0,13
3065,0,556
3066,0,61
3067,0,13
3068,0,556
3069,0,61
307,0,13
3070,0,556
3071,0,61
3072,543,13
3073,0,62
3074,543,556
3075,0,110
3076,0,1100
3077,0,109
3078,0,14
3079,0,13
308,0,13
3080,0,13
3081,0,13
3082,0,13
3083,1086,13
3084,0,110
3085,0,14
3086,0,13
3087,0,13
3088,0,556
3089,0,61
309,0,13
3090,0,13
3091,0,556
3092,0,61
3093,1600,2769
3094,543,69
3095,0,62
3096,0,13
3097,0,556
3098,0,61
3099,0,13
31,1506471,993395
310,0,13
3100,0,13
3101,0,13
3102,1086,1642
3103,1629,1837
3104,543,1204
3105,0,701
3106,0,61
3107,0,556
3108,0,61
3109,0,13
311,0,13
3110,0,13
3111,543,13
3112,0,62
3113,0,13
3114,0,556
3115,0,61
3116,0,13
3117,0,13
3118,543,13
3119,0,62
312,0,13
3120,0,556
3121,0,61
3122,0,13
3123,0,13
3124,543,13
3125,0,62
3126,0,13
3127,0,13
3128,543,13
3129,543,62
313,0,13
3130,0,62
3131,1600,2769
3132,0,69
3133,5886,5443
3134,3258,3538
3135,543,1253
3136,0,113
3137,543,14
3138,0,62
3139,0,556
314,0,13
3140,0,61
3141,0,13
3142,0,556
3143,0,604
3144,0,61
3145,0,13
3146,0,13
3147,543,13
3148,0,62
3149,0,13
315,0,13
3150,0,13
3151,0,556
3152,0,61
3153,0,13
3154,543,556
3155,0,65
3156,0,13
3157,0,13
3158,0,13
3159,543,13
316,0,13
3160,0,605
3161,0,61
3162,0,556
3163,0,61
3164,2172,556
3165,3743,5091
3166,2172,2431
3167,543,662
3168,0,110
3169,0,14
317,0,13
3170,0,556
3171,0,604
3172,0,61
3173,0,13
3174,0,13
3175,0,13
3176,0,13
3177,543,13
3178,0,605
3179,19540,16616
318,0,13
3180,1629,1802
3181,0,118
3182,0,14
3183,543,13
3184,0,62
3185,543,13
3186,0,62
3187,0,13
3188,0,13
3189,543,13
319,0,13
3190,0,62
3191,0,556
3192,0,61
3193,0,13
3194,0,13
3195,2715,2185
3196,543,257
3197,0,63
3198,1086,1099
3199,0,206
32,61261,61547
320,0,13
3200,0,14
3201,0,13
3202,543,13
3203,0,62
3204,0,13
3205,0,13
3206,0,556
3207,0,61
3208,0,13
3209,0,556
321,0,13
3210,0,61
3211,0,556
3212,0,604
3213,0,61
3214,0,13
3215,0,13
3216,543,13
3217,0,605
3218,0,61
3219,0,13
322,0,13
3220,0,13
3221,0,13
3222,0,13
3223,0,13
3224,543,556
3225,0,110
3226,1086,1100
3227,543,704
3228,765,449
3229,758,345
323,0,13
3230,66,1430
3231,66,438
3232,66,343
3233,66,343
3234,66,343
3235,66,343
3236,609,886
3237,66,438
3238,66,343
3239,66,343
324,0,13
3240,66,343
3241,609,343
3242,66,391
3243,66,886
3244,66,390
3245,66,343
3246,609,343
3247,66,391
3248,66,343
3249,66,343
325,0,13
3250,66,343
3251,66,886
3252,66,390
3253,66,343
3254,66,886
3255,66,390
3256,66,886
3257,66,390
3258,66,343
3259,66,343
326,0,13
3260,66,343
3261,609,886
3262,66,438
3263,66,343
3264,66,343
3265,66,343
3266,66,886
3267,66,390
3268,66,343
3269,66,343
327,0,13
3270,609,886
3271,66,393
3272,609,343
3273,66,391
3274,66,343
3275,609,343
3276,609,391
3277,66,391
3278,66,343
3279,66,343
328,0,13
3280,66,343
3281,66,886
3282,66,390
3283,609,343
3284,66,391
3285,609,343
3286,66,391
3287,66,343
3288,66,343
3289,66,343
329,0,13
3290,66,343
3291,66,343
3292,66,1429
3293,66,438
3294,66,343
3295,66,343
3296,66,343
3297,66,343
3298,66,886
3299,66,390
33,0,118
330,0,13
3300,15436,12757
3301,6951,7482
3302,66,448
3303,1152,1429
3304,1123,1529
3305,66,1574
3306,66,438
3307,66,343
3308,66,343
3309,609,343
331,0,13
3310,609,391
3311,66,391
3312,66,343
3313,66,343
3314,66,886
3315,609,390
3316,66,391
3317,66,343
3318,66,343
3319,66,343
332,0,13
3320,609,343
3321,66,391
3322,1152,343
3323,66,439
3324,66,343
3325,1152,343
3326,66,439
3327,66,343
3328,609,343
3329,66,391
333,0,13
3330,66,886
3331,66,390
3332,66,343
3333,66,343
3334,66,343
3335,66,886
3336,66,933
3337,66,390
3338,66,343
3339,66,343
334,0,13
3340,66,343
3341,66,343
3342,66,343
3343,1152,343
3344,66,439
3345,66,343
3346,66,343
3347,66,343
3348,66,343
3349,66,343
335,0,13
3350,66,886
3351,609,390
3352,66,391
3353,66,343
3354,66,343
3355,66,343
3356,66,343
3357,609,343
3358,66,391
3359,609,343
336,0,13
3360,66,391
3361,66,886
3362,66,390
3363,66,343
3364,66,343
3365,66,343
3366,66,343
3367,609,343
3368,609,391
3369,66,391
337,0,13
3370,66,343
3371,66,343
3372,609,886
3373,66,438
3374,66,343
3375,66,343
3376,66,343
3377,66,343
3378,66,886
3379,66,933
338,0,13
3380,66,390
3381,66,343
3382,66,886
3383,66,390
3384,609,343
3385,66,391
3386,66,886
3387,66,390
3388,66,343
3389,66,343
339,0,13
3390,66,343
3391,609,343
3392,66,391
3393,66,343
3394,66,886
3395,66,390
3396,0,558
3397,0,61
3398,0,556
3399,0,61
34,0,14
340,0,13
3400,0,13
3401,0,13
3402,0,13
3403,0,13
3404,543,13
3405,0,62
3406,543,13
3407,0,62
3408,0,13
3409,0,13
341,0,13
3410,0,13
3411,0,13
3412,543,13
3413,543,62
3414,0,62
3415,0,13
3416,0,13
3417,0,13
3418,543,13
3419,0,62
342,0,13
3420,0,13
3421,13227,10226
3422,16427,16178
3423,0,271
3424,0,557
3425,0,61
3426,0,13
3427,0,13
3428,66,341
3429,66,343
343,0,13
3430,66,1429
3431,66,438
3432,66,343
3433,66,886
3434,66,390
3435,66,886
3436,66,390
3437,66,343
3438,66,343
3439,66,1429
344,0,13
3440,66,438
3441,66,886
3442,66,390
3443,1152,3341
3444,609,1150
3445,66,538
3446,609,343
3447,66,391
3448,1292,344
3449,66,392
345,0,13
3450,66,343
3451,66,886
3452,66,390
3453,66,886
3454,66,390
3455,66,343
3456,66,343
3457,66,343
3458,609,343
3459,609,391
346,0,13
3460,66,391
3461,66,343
3462,66,343
3463,609,343
3464,66,934
3465,66,1476
3466,66,436
3467,66,886
3468,66,390
3469,66,343
347,0,13
3470,66,343
3471,66,343
3472,609,886
3473,66,438
3474,1695,6286
3475,609,1990
3476,2238,4022
3477,609,1307
3478,66,538
3479,66,886
348,0,13
3480,66,933
3481,66,390
3482,66,886
3483,66,390
3484,66,343
3485,609,343
3486,66,391
3487,66,343
3488,66,886
3489,609,390
349,0,13
3490,66,391
3491,66,343
3492,66,343
3493,66,343
3494,609,886
3495,609,438
3496,66,389
3497,66,343
3498,609,343
3499,609,391
35,0,13
350,0,13
3500,66,391
3501,66,343
3502,66,343
3503,66,343
3504,609,343
3505,1152,6323
3506,2238,3915
3507,1152,2863
3508,609,1103
3509,66,538
351,0,13
3510,1370,682
3511,543,64
3512,0,62
3513,0,13
3514,0,13
3515,0,13
3516,543,13
3517,0,62
3518,0,556
3519,0,61
352,0,13
3520,0,13
3521,0,13
3522,543,13
3523,0,62
3524,0,556
3525,0,61
3526,543,13
3527,0,62
3528,0,13
3529,0,556
353,0,13
3530,0,61
3531,0,13
3532,0,556
3533,0,61
3534,0,13
3535,543,13
3536,0,1481
3537,0,62
3538,0,13
3539,1086,556
354,0,13
3540,0,113
3541,0,14
3542,7971,5542
3543,6856,7165
3544,0,663
3545,2143,2233
3546,0,163
3547,0,557
3548,0,604
3549,0,61
355,0,13
3550,0,13
3551,543,13
3552,0,62
3553,0,13
3554,543,13
3555,0,62
3556,0,13
3557,1629,556
3558,0,205
3559,0,14
356,0,13
3560,0,13
3561,0,13
3562,0,13
3563,543,13
3564,543,62
3565,0,62
3566,0,13
3567,0,13
3568,0,13
3569,0,13
357,0,13
3570,543,556
3571,0,110
3572,0,14
3573,0,13
3574,0,13
3575,0,13
3576,0,13
3577,0,556
3578,0,61
3579,0,556
358,0,13
3580,0,61
3581,543,13
3582,0,62
3583,0,13
3584,0,13
3585,0,13
3586,0,13
3587,543,556
3588,0,110
3589,0,14
359,0,13
3590,0,13
3591,0,13
3592,0,13
3593,0,13
3594,0,13
3595,0,556
3596,0,604
3597,0,61
3598,0,13
3599,0,13
36,0,13
360,0,13
3600,543,13
3601,0,605
3602,543,61
3603,0,62
3604,0,13
3605,0,13
3606,0,13
3607,0,13
3608,0,556
3609,0,61
361,0,13
3610,0,556
3611,0,61
3612,0,13
3613,0,13
3614,0,13
3615,0,13
3616,0,13
3617,1086,13
3618,0,110
3619,0,14
362,0,13
3620,0,13
3621,0,556
3622,0,61
3623,0,556
3624,0,61
3625,0,13
3626,0,13
3627,0,13
3628,0,13
3629,0,13
363,0,13
3630,543,13
3631,0,62
3632,0,556
3633,0,61
3634,0,556
3635,0,61
3636,0,13
3637,0,13
3638,543,13
3639,2624,3314
364,0,13
3640,0,704
3641,0,61
3642,0,13
3643,0,13
3644,0,556
3645,0,61
3646,0,556
3647,0,61
3648,0,13
3649,2492,5985
365,0,13
3650,0,70
3651,0,13
3652,543,13
3653,0,62
3654,543,556
3655,0,65
3656,0,13
3657,0,13
3658,0,556
3659,543,61
366,0,13
3660,0,62
3661,0,13
3662,0,13
3663,12112,9140
3664,8514,8782
3665,0,168
3666,0,14
3667,543,13
3668,0,605
3669,0,61
367,0,13
3670,0,13
3671,0,13
3672,0,13
3673,0,13
3674,543,13
3675,0,605
3676,0,61
3677,543,13
3678,0,62
3679,0,13
368,0,13
3680,0,13
3681,543,13
3682,0,62
3683,543,13
3684,0,62
3685,0,13
3686,543,13
3687,1600,2818
3688,0,69
3689,0,13
369,0,13
3690,0,13
3691,0,13
3692,543,13
3693,0,62
3694,543,13
3695,0,62
3696,0,13
3697,0,13
3698,543,13
3699,0,62
37,0,13
370,0,13
3700,0,13
3701,0,556
3702,0,61
3703,0,13
3704,0,13
3705,0,13
3706,0,556
3707,0,61
3708,0,13
3709,543,556
371,0,13
3710,0,110
3711,0,14
3712,0,13
3713,0,13
3714,0,13
3715,0,556
3716,543,62
3717,543,62
3718,0,62
3719,0,13
372,0,13
3720,0,13
3721,0,13
3722,0,13
3723,0,13
3724,0,1099
3725,0,109
3726,0,14
3727,0,13
3728,0,13
3729,0,13
373,0,13
3730,0,13
3731,543,13
3732,543,62
3733,0,62
3734,0,13
3735,0,13
3736,0,13
3737,0,556
3738,0,61
3739,0,13
374,8087,10597
3740,0,556
3741,0,604
3742,0,61
3743,0,13
3744,0,13
3745,0,13
3746,0,13
3747,0,556
3748,543,604
3749,0,110
375,8145,9113
3750,543,14
3751,0,62
3752,0,13
3753,0,13
3754,0,556
3755,0,61
3756,0,13
3757,543,13
3758,0,62
3759,0,13
376,4344,5842
3760,0,13
3761,0,644
3762,0,61
3763,0,13
3764,543,13
3765,0,62
3766,0,13
3767,543,13
3768,0,62
3769,0,13
377,543,927
3770,0,13
3771,543,13
3772,0,62
3773,0,13
3774,0,556
3775,0,61
3776,0,13
3777,0,556
3778,0,61
3779,543,13
378,0,208
3780,0,62
3781,0,13
3782,0,13
3783,0,13
3784,6342,3913
3785,6856,6976
3786,0,1206
3787,1086,652
3788,0,158
3789,0,14
379,0,14
3790,0,556
3791,0,61
3792,0,556
3793,0,61
3794,0,13
3795,0,556
3796,0,61
3797,0,13
3798,0,13
3799,543,13
38,0,13
380,0,13
3800,0,62
3801,0,13
3802,543,13
3803,0,62
3804,0,13
3805,543,13
3806,0,62
3807,0,556
3808,543,61
3809,0,62
381,0,13
3810,0,13
3811,543,556
3812,764,449
3813,0,16
3814,0,13
3815,0,13
3816,0,13
3817,543,13
3818,0,62
3819,0,13
382,0,13
3820,543,13
3821,0,62
3822,0,556
3823,0,61
3824,0,13
3825,0,13
3826,0,13
3827,543,556
3828,0,110
3829,0,14
383,0,13
3830,0,13
3831,543,13
3832,0,62
3833,0,13
3834,0,13
3835,543,13
3836,543,62
3837,0,62
3838,0,13
3839,0,13
384,0,13
3840,0,13
3841,0,556
3842,0,1147
3843,0,109
3844,0,14
3845,543,13
3846,0,62
385,0,13
386,0,13
387,0,13
388,0,13
389,0,13
39,0,13
390,0,13
391,0,13
392,0,13
393,0,13
394,0,13
395,0,13
396,0,13
397,0,13
398,0,13
399,0,13
4,0,473
40,0,13
400,0,13
401,0,13
402,0,13
403,0,13
404,0,13
405,6429,9798
406,0,419
407,0,14
408,0,13
409,0,13
41,543,1357
410,0,13
411,0,13
412,0,13
413,0,13
414,0,13
415,0,13
416,6734,7285
417,757,702
418,66,343
419,66,342
42,3801,4174
420,66,342
421,66,342
422,66,342
423,66,342
424,66,342
425,66,342
426,66,342
427,6039,7276
428,66,650
429,66,342
43,0,273
430,66,342
431,66,342
432,66,342
433,66,342
434,66,342
435,66,342
436,1695,3048
437,66,583
438,6553,8333
439,66,650
44,0,14
440,66,342
441,66,342
442,66,342
443,66,342
444,66,342
445,66,342
446,66,342
447,66,342
448,754,343
449,4410,5645
45,0,13
450,66,652
451,66,342
452,66,342
453,66,342
454,66,342
455,66,342
456,66,342
457,66,342
458,66,342
459,66,342
46,0,13
460,66,342
461,66,342
462,66,342
463,66,342
464,66,342
465,66,342
466,66,342
467,5981,8801
468,66,746
469,66,342
47,0,13
470,66,342
471,66,342
472,66,342
473,66,342
474,66,342
475,66,342
476,66,342
477,66,342
478,6039,7273
479,66,701
48,0,13
480,66,342
481,66,342
482,66,342
483,66,342
484,66,342
485,66,342
486,66,342
487,66,342
488,66,342
489,66,342
49,0,13
490,66,342
491,66,342
492,66,342
493,66,342
494,66,342
495,66,342
496,66,342
497,66,342
498,66,342
499,66,342
5,0,14
50,0,13
500,66,342
501,66,342
502,66,342
503,66,342
504,66,342
505,66,342
506,66,342
507,66,342
508,66,342
509,66,342
51,0,13
510,66,342
511,66,342
512,66,342
513,66,342
514,66,342
515,66,342
516,66,342
517,66,342
518,66,342
519,66,342
52,1086,2103
520,66,342
521,66,342
522,66,342
523,66,342
524,66,342
525,66,342
526,66,342
527,66,342
528,66,342
529,66,342
53,3258,3433
530,66,342
531,66,342
532,66,342
533,66,342
534,66,342
535,66,342
536,66,342
537,66,342
538,66,342
539,66,342
54,0,312
540,66,342
541,66,342
542,66,342
543,66,342
544,66,342
545,66,342
546,833,680
547,0,16
548,0,13
549,0,13
55,0,14
550,0,13
551,0,13
552,0,13
553,0,13
554,0,13
555,0,13
556,0,13
557,0,13
558,0,13
559,0,13
56,0,13
560,7515,10030
561,5973,8039
562,4344,5803
563,0,325
564,0,14
565,0,13
566,0,13
567,0,13
568,0,13
569,0,13
57,0,13
570,0,13
571,0,13
572,0,13
573,0,13
574,0,13
575,0,13
576,0,13
577,0,13
578,0,13
579,0,13
58,0,13
580,0,13
581,0,13
582,0,13
583,0,13
584,0,13
585,0,13
586,0,13
587,0,13
588,0,13
589,0,13
59,0,13
590,0,13
591,6487,8266
592,0,419
593,0,14
594,0,13
595,0,13
596,0,13
597,0,13
598,0,13
599,0,13
6,0,13
60,0,13
600,0,13
601,0,13
602,0,13
603,0,13
604,0,13
605,0,13
606,0,13
607,0,13
608,0,13
609,0,13
61,0,13
610,0,13
611,0,13
612,0,13
613,0,13
614,0,13
615,0,13
616,0,13
617,0,13
618,0,13
619,0,13
62,0,13
620,0,13
621,0,13
622,7457,10338
623,0,421
624,0,14
625,0,13
626,0,13
627,0,13
628,0,13
629,0,13
63,543,1357
630,0,13
631,0,13
632,0,13
633,4344,5315
634,0,325
635,0,14
636,0,13
637,0,13
638,0,13
639,0,13
64,3801,4171
640,0,13
641,0,13
642,0,13
643,0,13
644,6516,7844
645,543,1167
646,543,720
647,0,208
648,0,14
649,0,13
65,0,273
650,0,13
651,0,13
652,0,13
653,4344,6000
654,0,269
655,7486,8487
656,0,371
657,0,14
658,0,13
659,0,13
66,0,14
660,0,13
661,0,13
662,0,13
663,0,13
664,0,13
665,0,13
666,4344,5318
667,0,323
668,0,14
669,0,13
67,0,13
670,0,13
671,0,13
672,0,13
673,0,13
674,0,13
675,0,13
676,0,13
677,0,13
678,0,13
679,0,13
68,0,13
680,0,13
681,0,13
682,0,13
683,0,13
684,8659,11468
685,0,479
686,0,14
687,0,13
688,0,13
689,0,13
69,0,13
690,0,13
691,0,13
692,0,13
693,0,13
694,0,13
695,0,13
696,0,13
697,0,13
698,0,13
699,0,13
7,0,13
70,0,13
700,0,13
701,0,13
702,0,13
703,0,13
704,0,13
705,0,13
706,0,13
707,0,13
708,0,13
709,0,13
71,0,13
710,0,13
711,0,13
712,0,13
713,0,13
714,0,13
715,0,13
716,0,13
717,0,13
718,0,13
719,0,13
72,0,13
720,0,13
721,0,13
722,0,13
723,0,13
724,0,13
725,0,13
726,0,13
727,0,13
728,0,13
729,0,13
73,0,13
730,0,13
731,0,13
732,0,13
733,0,13
734,0,13
735,0,13
736,0,13
737,0,13
738,0,13
739,0,13
74,0,13
740,0,13
741,0,13
742,0,13
743,0,13
744,0,13
745,0,13
746,8116,11115
747,6487,8072
748,4887,6344
749,0,364
75,0,13
750,2502,6972
751,5072,9755
752,5944,6103
753,9584,12167
754,4344,4716
755,4887,5107
756,543,1257
757,0,158
758,0,557
759,14856,12473
76,0,13
760,12655,13342
761,543,220
762,0,63
763,0,13
764,1086,13
765,0,110
766,2172,2186
767,3258,3470
768,0,218
769,0,557
77,0,13
770,0,61
771,543,13
772,0,605
773,0,604
774,0,61
775,0,13
776,0,13
777,12460,14781
778,0,577
779,0,14
78,0,13
780,0,13
781,543,13
782,0,62
783,543,13
784,543,62
785,0,62
786,0,13
787,543,13
788,5430,6035
789,0,218
79,0,13
790,0,14
791,0,13
792,0,13
793,543,13
794,543,62
795,0,62
796,1086,13
797,0,110
798,0,14
799,5430,5443
8,0,13
80,0,13
800,0,171
801,0,14
802,543,13
803,543,62
804,543,62
805,0,62
806,0,13
807,543,13
808,5944,6685
809,0,464
81,0,13
810,3801,3815
811,1629,2389
812,0,708
813,0,61
814,0,556
815,0,61
816,0,556
817,0,61
818,0,556
819,0,61
82,0,13
820,0,556
821,0,61
822,0,13
823,543,13
824,0,62
825,0,556
826,0,61
827,543,13
828,0,605
829,0,61
83,0,13
830,0,556
831,0,61
832,0,13
833,0,13
834,0,13
835,0,556
836,1300,932
837,66,438
838,66,342
839,7038,10153
84,0,13
840,66,746
841,66,342
842,66,342
843,609,342
844,66,1476
845,66,437
846,66,342
847,66,342
848,66,885
849,609,389
85,0,13
850,4410,6206
851,609,652
852,609,390
853,66,390
854,66,342
855,66,342
856,66,342
857,66,1428
858,66,437
859,66,885
86,0,13
860,66,389
861,4410,6190
862,66,1242
863,66,390
864,66,342
865,1152,342
866,66,438
867,66,342
868,66,342
869,609,342
87,0,13
870,2456,2887
871,0,841
872,8659,10230
873,0,424
874,0,14
875,0,13
876,543,13
877,0,62
878,1086,13
879,0,110
88,0,13
880,7913,5483
881,14313,13985
882,0,761
883,5973,6992
884,0,323
885,0,14
886,543,13
887,0,62
888,0,13
889,543,556
89,0,13
890,543,65
891,543,62
892,0,62
893,0,13
894,0,13
895,543,556
896,0,110
897,0,14
898,543,13
899,0,62
9,0,13
90,0,13
900,543,556
901,0,110
902,0,14
903,543,556
904,0,110
905,0,557
906,0,61
907,0,13
908,7942,7412
909,4887,5101
91,0,13
910,5430,5058
911,2172,2390
912,259892,260000
913,275204,275330
914,526466,526567
915,65945,65530
916,2143,2314
917,1629,1837
918,526350,526410
919,267146,267245
92,0,13
920,274914,275013
921,59176,59849
922,0,171
923,0,14
924,0,556
925,543,604
926,0,110
927,1086,1100
928,259805,259950
929,274914,275040
93,0,13
930,526350,527052
931,65887,66605
932,11287,14501
933,8688,9245
934,8688,9742
935,7486,8557
936,3801,4162
937,2172,2434
938,0,755
939,0,61
94,0,13
940,0,13
941,0,13
942,1629,1642
943,526379,526526
944,267030,267701
945,274943,276233
946,59661,59885
947,5944,6097
948,0,765
949,0,61
95,0,13
950,0,13
951,543,13
952,0,62
953,0,13
954,0,1099
955,543,109
956,1086,1149
957,259863,259921
958,280315,281013
959,526437,526709
96,0,13
960,65373,65501
961,1600,1724
962,0,114
963,8659,10447
964,526379,526911
965,267631,267245
966,272402,272121
967,67458,67859
968,0,124
969,0,14
97,0,13
970,0,556
971,0,61
972,0,13
973,543,556
974,0,65
975,1086,1642
976,260949,259968
977,273546,273795
978,288481,281993
979,310699,317540
98,0,13
980,1629,2300
981,0,161
982,0,14
983,1086,1099
984,399405,388611
985,394750,406852
986,267146,267245
987,67031,67159
988,5430,5554
989,543,222
99,0,13
990,0,63
991,0,13
992,0,13
993,0,13
994,9202,10437
995,260920,261407
996,267146,267366
997,276087,276157
998,324664,324936
999,9086,8273
